{"err":{},"level":"error","message":"[antiCrash] :: Uncaught Exception/Catch (MONITOR)","origin":"uncaughtException","timestamp":"2024-05-30T17:58:18.555Z"}
{"err":{},"level":"error","message":"[antiCrash] :: Uncaught Exception/Catch (MONITOR)","origin":"uncaughtException","timestamp":"2024-05-30T18:10:25.393Z"}
{"err":{},"level":"error","message":"[antiCrash] :: Uncaught Exception/Catch (MONITOR)","origin":"uncaughtException","timestamp":"2024-05-30T18:32:06.836Z"}
{"err":{},"level":"error","message":"[antiCrash] :: Uncaught Exception/Catch (MONITOR)","origin":"uncaughtException","timestamp":"2024-05-30T18:34:46.500Z"}
